mean_fit_time,std_fit_time,mean_score_time,std_score_time,param_clf__C,param_clf__class_weight,param_clf__penalty,param_clf__solver,param_clf__l1_ratio,params,split0_test_f1,split1_test_f1,split2_test_f1,split3_test_f1,split4_test_f1,mean_test_f1,std_test_f1,rank_test_f1,split0_test_precision,split1_test_precision,split2_test_precision,split3_test_precision,split4_test_precision,mean_test_precision,std_test_precision,rank_test_precision,split0_test_recall,split1_test_recall,split2_test_recall,split3_test_recall,split4_test_recall,mean_test_recall,std_test_recall,rank_test_recall,split0_test_roc_auc,split1_test_roc_auc,split2_test_roc_auc,split3_test_roc_auc,split4_test_roc_auc,mean_test_roc_auc,std_test_roc_auc,rank_test_roc_auc,sampler
0.02835984230041504,0.002191691799272671,0.02845420837402344,0.0019317897973449465,0.3,,l2,lbfgs,,"{'clf__C': 0.3, 'clf__class_weight': None, 'clf__penalty': 'l2', 'clf__solver': 'lbfgs'}",0.43636363636363634,0.5818181818181818,0.631578947368421,0.5517241379310345,0.48148148148148145,0.536593276992551,0.06982807946812779,12,0.6,0.8,0.8571428571428571,0.7272727272727273,0.7222222222222222,0.7413275613275614,0.0864773608963526,5,0.34285714285714286,0.45714285714285713,0.5,0.4444444444444444,0.3611111111111111,0.4211111111111111,0.05964875774759642,20,0.7667953667953668,0.8662548262548262,0.8431461352657006,0.8345410628019324,0.8416364734299517,0.8304747729095554,0.033576660573686565,1,none
0.029467296600341798,0.002876273925635304,0.028429031372070312,0.002133742250005657,0.3,balanced,l2,lbfgs,,"{'clf__C': 0.3, 'clf__class_weight': 'balanced', 'clf__penalty': 'l2', 'clf__solver': 'lbfgs'}",0.3893805309734513,0.5806451612903226,0.5242718446601942,0.4731182795698925,0.5094339622641509,0.4953699557516023,0.06329908593185149,18,0.28205128205128205,0.46551724137931033,0.40298507462686567,0.38596491228070173,0.38571428571428573,0.3844465592104891,0.05899972435902789,20,0.6285714285714286,0.7714285714285715,0.75,0.6111111111111112,0.75,0.7022222222222222,0.06794207068161759,4,0.757992277992278,0.8644015444015444,0.8301630434782608,0.8223128019323671,0.8365036231884059,0.8222746581985712,0.03513286344177452,15,none
0.02870521545410156,0.0022620227305808326,0.026126384735107422,0.002424209850213937,1.0,,l2,lbfgs,,"{'clf__C': 1.0, 'clf__class_weight': None, 'clf__penalty': 'l2', 'clf__solver': 'lbfgs'}",0.43636363636363634,0.6101694915254238,0.6557377049180327,0.5901639344262295,0.4727272727272727,0.553032407992119,0.08396700734200702,8,0.6,0.75,0.8,0.72,0.6842105263157895,0.7108421052631579,0.06717373183996465,10,0.34285714285714286,0.5142857142857142,0.5555555555555556,0.5,0.3611111111111111,0.45476190476190476,0.08607215123336368,15,0.7684942084942085,0.865019305019305,0.8423913043478262,0.8309178743961353,0.8322765700483091,0.8278198524611569,0.03207839953727678,9,none
0.03271050453186035,0.0027032804482364867,0.03126220703125,0.001029012934601228,1.0,balanced,l2,lbfgs,,"{'clf__C': 1.0, 'clf__class_weight': 'balanced', 'clf__penalty': 'l2', 'clf__solver': 'lbfgs'}",0.4144144144144144,0.6041666666666666,0.52,0.4782608695652174,0.4807692307692308,0.4995222362831059,0.062316703845588184,17,0.3026315789473684,0.47540983606557374,0.40625,0.39285714285714285,0.36764705882352944,0.3889591233387229,0.05602596490450302,17,0.6571428571428571,0.8285714285714286,0.7222222222222222,0.6111111111111112,0.6944444444444444,0.7026984126984127,0.07315308019386015,1,0.7589189189189189,0.8628571428571429,0.833786231884058,0.8170289855072463,0.8259359903381642,0.8197054539011059,0.03406265541868758,18,none
0.03490214347839356,0.005373982112530653,0.029369497299194337,0.0032226186617427877,3.0,,l2,lbfgs,,"{'clf__C': 3.0, 'clf__class_weight': None, 'clf__penalty': 'l2', 'clf__solver': 'lbfgs'}",0.4827586206896552,0.5901639344262295,0.6451612903225806,0.6129032258064516,0.5,0.5661974142489834,0.06377342796353697,4,0.6086956521739131,0.6923076923076923,0.7692307692307693,0.7307692307692307,0.7,0.7002006688963212,0.05316972664959761,12,0.4,0.5142857142857142,0.5555555555555556,0.5277777777777778,0.3888888888888889,0.4773015873015873,0.0690386784943331,11,0.7657142857142857,0.862857142857143,0.8452596618357489,0.8283514492753624,0.826237922705314,0.8256840924775707,0.03276839280054088,11,none
0.03524813652038574,0.0018300614829811007,0.02735285758972168,0.0013690142080989081,3.0,balanced,l2,lbfgs,,"{'clf__C': 3.0, 'clf__class_weight': 'balanced', 'clf__penalty': 'l2', 'clf__solver': 'lbfgs'}",0.4144144144144144,0.5957446808510638,0.52,0.46808510638297873,0.47058823529411764,0.4937664873885149,0.060961078257543835,21,0.3026315789473684,0.4745762711864407,0.40625,0.3793103448275862,0.36363636363636365,0.3852809117195518,0.05612202816017632,18,0.6571428571428571,0.8,0.7222222222222222,0.6111111111111112,0.6666666666666666,0.6914285714285715,0.06476968518467295,8,0.7583011583011583,0.8619305019305019,0.8362016908212561,0.813707729468599,0.8208031400966183,0.8181888441236268,0.03420890269798975,19,none
0.022597646713256835,0.001246673433763911,0.02640957832336426,0.0022718816174149723,0.3,,l1,liblinear,,"{'clf__C': 0.3, 'clf__class_weight': None, 'clf__penalty': 'l1', 'clf__solver': 'liblinear'}",0.4444444444444444,0.6037735849056604,0.631578947368421,0.5263157894736842,0.4528301886792453,0.5317885909742911,0.07620148996292055,13,0.631578947368421,0.8888888888888888,0.8571428571428571,0.7142857142857143,0.7058823529411765,0.7595557521254116,0.09752802263203432,2,0.34285714285714286,0.45714285714285713,0.5,0.4166666666666667,0.3333333333333333,0.41000000000000003,0.06442489342966766,22,0.7681853281853281,0.8622393822393822,0.8357487922705314,0.8278985507246377,0.8458635265700484,0.8279871159979855,0.0320290152379683,6,none
0.02041516304016113,0.0009957828016118192,0.027733278274536134,0.0019164622098322315,0.3,,l2,liblinear,,"{'clf__C': 0.3, 'clf__class_weight': None, 'clf__penalty': 'l2', 'clf__solver': 'liblinear'}",0.43636363636363634,0.5818181818181818,0.6551724137931034,0.5517241379310345,0.48148148148148145,0.5413119702774875,0.07656005118475302,10,0.6,0.8,0.8636363636363636,0.7272727272727273,0.7222222222222222,0.7426262626262627,0.08823774361360683,4,0.34285714285714286,0.45714285714285713,0.5277777777777778,0.4444444444444444,0.3611111111111111,0.42666666666666664,0.06751277139054095,18,0.7674131274131274,0.865945945945946,0.842542270531401,0.8346920289855072,0.8401268115942029,0.8301440368940369,0.033139100519381175,2,none
0.024958038330078126,0.0013151053209605758,0.027530527114868163,0.001492787976313784,0.3,balanced,l1,liblinear,,"{'clf__C': 0.3, 'clf__class_weight': 'balanced', 'clf__penalty': 'l1', 'clf__solver': 'liblinear'}",0.39285714285714285,0.6067415730337079,0.5416666666666666,0.46938775510204084,0.49523809523809526,0.5011782465795307,0.0715014829373481,15,0.2857142857142857,0.5,0.43333333333333335,0.3709677419354839,0.37681159420289856,0.3933653910372003,0.07117979993256013,14,0.6285714285714286,0.7714285714285715,0.7222222222222222,0.6388888888888888,0.7222222222222222,0.6966666666666667,0.05453576496083967,7,0.7595366795366796,0.8696525096525096,0.8325785024154588,0.8245772946859904,0.8358997584541062,0.824448948948949,0.035928238952244784,14,none
0.02237410545349121,0.0009497653170389192,0.03261027336120605,0.007956033715522401,0.3,balanced,l2,liblinear,,"{'clf__C': 0.3, 'clf__class_weight': 'balanced', 'clf__penalty': 'l2', 'clf__solver': 'liblinear'}",0.38596491228070173,0.5806451612903226,0.5242718446601942,0.4731182795698925,0.5094339622641509,0.4946868320130524,0.06444725514852445,19,0.27848101265822783,0.46551724137931033,0.40298507462686567,0.38596491228070173,0.38571428571428573,0.3837325053318782,0.06024316107095837,21,0.6285714285714286,0.7714285714285715,0.75,0.6111111111111112,0.75,0.7022222222222222,0.06794207068161759,4,0.757992277992278,0.8645559845559845,0.8301630434782609,0.8221618357487923,0.8358997584541064,0.8221545800458843,0.035121917880190284,16,none
0.029391765594482422,0.0019252131877670643,0.02820906639099121,0.0016692375621873506,1.0,,l1,liblinear,,"{'clf__C': 1.0, 'clf__class_weight': None, 'clf__penalty': 'l1', 'clf__solver': 'liblinear'}",0.43636363636363634,0.631578947368421,0.6774193548387096,0.6229508196721312,0.4727272727272727,0.5682080061940342,0.09533024578268917,2,0.6,0.8181818181818182,0.8076923076923077,0.76,0.6842105263157895,0.7340169304379831,0.08200990791601524,6,0.34285714285714286,0.5142857142857142,0.5833333333333334,0.5277777777777778,0.3611111111111111,0.4658730158730159,0.0960009133239497,13,0.7691119691119691,0.8671814671814672,0.8429951690821257,0.8310688405797101,0.8321256038647343,0.8284966099640012,0.032413108245382044,5,none
0.022972917556762694,0.001499424157343947,0.02750506401062012,0.0019377503984680253,1.0,,l2,liblinear,,"{'clf__C': 1.0, 'clf__class_weight': None, 'clf__penalty': 'l2', 'clf__solver': 'liblinear'}",0.4642857142857143,0.6101694915254238,0.6557377049180327,0.5901639344262295,0.4727272727272727,0.5586168235765345,0.07662993735255869,5,0.6190476190476191,0.75,0.8,0.72,0.6842105263157895,0.7146516290726816,0.06103973179604663,9,0.37142857142857144,0.5142857142857142,0.5555555555555556,0.5,0.3611111111111111,0.46047619047619043,0.07912089419496683,14,0.7678764478764478,0.8647104247104247,0.8432971014492753,0.8310688405797102,0.8325785024154589,0.8279062634062635,0.032332134631816965,8,none
0.03561668395996094,0.00481180288792053,0.028163909912109375,0.0014292955873813865,1.0,balanced,l1,liblinear,,"{'clf__C': 1.0, 'clf__class_weight': 'balanced', 'clf__penalty': 'l1', 'clf__solver': 'liblinear'}",0.4036697247706422,0.6021505376344086,0.5142857142857142,0.46808510638297873,0.48148148148148145,0.49393451291104506,0.06495518638567781,20,0.2972972972972973,0.4827586206896552,0.391304347826087,0.3793103448275862,0.3611111111111111,0.3823563443503474,0.059760126161800854,22,0.6285714285714286,0.8,0.75,0.6111111111111112,0.7222222222222222,0.7023809523809524,0.07206768745217204,3,0.7566023166023166,0.865019305019305,0.8289553140096618,0.8140096618357489,0.8242753623188406,0.8177723919571745,0.035087186891920856,21,none
0.022124242782592774,0.0008665140336740838,0.02628602981567383,0.0011203749938027442,1.0,balanced,l2,liblinear,,"{'clf__C': 1.0, 'clf__class_weight': 'balanced', 'clf__penalty': 'l2', 'clf__solver': 'liblinear'}",0.4144144144144144,0.6041666666666666,0.5252525252525253,0.4782608695652174,0.4807692307692308,0.500572741333611,0.0626961706170208,16,0.3026315789473684,0.47540983606557374,0.4126984126984127,0.39285714285714285,0.36764705882352944,0.3902488058784054,0.056481513357424816,16,0.6571428571428571,0.8285714285714286,0.7222222222222222,0.6111111111111112,0.6944444444444444,0.7026984126984127,0.07315308019386015,1,0.7586100386100386,0.8628571428571428,0.8336352657004831,0.8173309178743962,0.8263888888888888,0.8197644507861899,0.034173226384198535,17,none
0.03867173194885254,0.0037652784739788036,0.028240537643432616,0.0022504540950738445,3.0,,l1,liblinear,,"{'clf__C': 3.0, 'clf__class_weight': None, 'clf__penalty': 'l1', 'clf__solver': 'liblinear'}",0.5172413793103449,0.5666666666666667,0.6666666666666666,0.6129032258064516,0.49122807017543857,0.5709412017251136,0.06352999609960429,1,0.6521739130434783,0.68,0.7777777777777778,0.7307692307692307,0.6666666666666666,0.7014775176514306,0.04644062594498916,11,0.42857142857142855,0.4857142857142857,0.5833333333333334,0.5277777777777778,0.3888888888888889,0.4828571428571428,0.0691353210579647,10,0.7652509652509653,0.8648648648648648,0.8446557971014493,0.8257850241545894,0.8230676328502415,0.8247248568444221,0.03331509192775276,13,none
0.02265315055847168,0.0005042082604551454,0.02568645477294922,0.00263644509425531,3.0,,l2,liblinear,,"{'clf__C': 3.0, 'clf__class_weight': None, 'clf__penalty': 'l2', 'clf__solver': 'liblinear'}",0.4827586206896552,0.6,0.6451612903225806,0.6129032258064516,0.49122807017543857,0.5664102413988251,0.06654554786871647,3,0.6086956521739131,0.72,0.7692307692307693,0.7307692307692307,0.6666666666666666,0.6990724637681159,0.055826406648046216,13,0.4,0.5142857142857142,0.5555555555555556,0.5277777777777778,0.3888888888888889,0.4773015873015873,0.0690386784943331,11,0.7650965250965251,0.8637837837837838,0.8445048309178744,0.8274456521739131,0.8260869565217391,0.8253835496987671,0.03310430109944084,12,none
0.04384546279907227,0.003987842665735997,0.029110002517700195,0.0018643647764257118,3.0,balanced,l1,liblinear,,"{'clf__C': 3.0, 'clf__class_weight': 'balanced', 'clf__penalty': 'l1', 'clf__solver': 'liblinear'}",0.42592592592592593,0.6086956521739131,0.5294117647058824,0.4782608695652174,0.46601941747572817,0.5016627259693334,0.06289707727241665,14,0.3150684931506849,0.49122807017543857,0.4090909090909091,0.39285714285714285,0.3582089552238806,0.3932907140996112,0.05863617572268212,15,0.6571428571428571,0.8,0.75,0.6111111111111112,0.6666666666666666,0.696984126984127,0.06826947036948587,6,0.7562934362934363,0.8613127413127413,0.8354468599033816,0.8097826086956522,0.8180857487922706,0.8161842789994964,0.034753805961162516,22,none
0.025164365768432617,0.0009068203188547662,0.027587699890136718,0.001837696088481329,3.0,balanced,l2,liblinear,,"{'clf__C': 3.0, 'clf__class_weight': 'balanced', 'clf__penalty': 'l2', 'clf__solver': 'liblinear'}",0.4144144144144144,0.5957446808510638,0.52,0.46808510638297873,0.47058823529411764,0.4937664873885149,0.060961078257543835,21,0.3026315789473684,0.4745762711864407,0.40625,0.3793103448275862,0.36363636363636365,0.3852809117195518,0.05612202816017632,18,0.6571428571428571,0.8,0.7222222222222222,0.6111111111111112,0.6666666666666666,0.6914285714285715,0.06476968518467295,8,0.7575289575289575,0.8616216216216217,0.8365036231884058,0.813707729468599,0.8208031400966183,0.8180330143808405,0.03443327649963725,20,none
0.19478340148925782,0.008378865480853492,0.022617244720458986,0.0036335517242462147,0.3,,elasticnet,saga,0.2,"{'clf__C': 0.3, 'clf__class_weight': None, 'clf__l1_ratio': 0.2, 'clf__penalty': 'elasticnet', 'clf__solver': 'saga'}",0.43636363636363634,0.5925925925925926,0.6428571428571429,0.576271186440678,0.48148148148148145,0.5459132079471062,0.07569842050452802,9,0.6,0.8421052631578947,0.9,0.7391304347826086,0.7222222222222222,0.7606915840325451,0.10373194497554446,1,0.34285714285714286,0.45714285714285713,0.5,0.4722222222222222,0.3611111111111111,0.42666666666666664,0.062774918161748,18,0.7674131274131274,0.8667181467181467,0.8407306763285024,0.8334842995169082,0.8390700483091786,0.8294832596571726,0.033086424254164096,3,none
0.1953726291656494,0.015102239280530434,0.01860074996948242,0.002672029248589865,0.3,,elasticnet,saga,0.4,"{'clf__C': 0.3, 'clf__class_weight': None, 'clf__l1_ratio': 0.4, 'clf__penalty': 'elasticnet', 'clf__solver': 'saga'}",0.43636363636363634,0.5925925925925926,0.6071428571428571,0.576271186440678,0.48148148148148145,0.5387703508042491,0.06744938208520328,11,0.6,0.8421052631578947,0.85,0.7391304347826086,0.7222222222222222,0.7506915840325451,0.09151037148356618,3,0.34285714285714286,0.45714285714285713,0.4722222222222222,0.4722222222222222,0.3611111111111111,0.4211111111111111,0.05700291506162471,20,0.7681853281853281,0.8676447876447877,0.8393719806763286,0.8330314009661836,0.8374094202898551,0.8291285835524966,0.03282166899442752,4,none
0.317077112197876,0.02967685463447915,0.01512923240661621,0.0011645927527224708,1.0,,elasticnet,saga,0.2,"{'clf__C': 1.0, 'clf__class_weight': None, 'clf__l1_ratio': 0.2, 'clf__penalty': 'elasticnet', 'clf__solver': 'saga'}",0.4444444444444444,0.5862068965517241,0.6557377049180327,0.6129032258064516,0.4727272727272727,0.554403908889585,0.08180989553515648,7,0.631578947368421,0.7391304347826086,0.8,0.7307692307692307,0.6842105263157895,0.7171378278472099,0.05646265791519351,8,0.34285714285714286,0.4857142857142857,0.5555555555555556,0.5277777777777778,0.3611111111111111,0.45460317460317456,0.08688123911555631,16,0.7675675675675676,0.8650193050193049,0.8429951690821256,0.8289553140096618,0.8330314009661834,0.8275137513289688,0.032472783561941665,10,none
0.3265990257263184,0.01948356856660274,0.014128875732421876,0.0002754702501159501,1.0,,elasticnet,saga,0.4,"{'clf__C': 1.0, 'clf__class_weight': None, 'clf__l1_ratio': 0.4, 'clf__penalty': 'elasticnet', 'clf__solver': 'saga'}",0.4444444444444444,0.6071428571428571,0.6557377049180327,0.6129032258064516,0.4727272727272727,0.5585911010078116,0.08384103862287791,6,0.631578947368421,0.8095238095238095,0.8,0.7307692307692307,0.6842105263157895,0.7312165027954501,0.06782419642470353,7,0.34285714285714286,0.4857142857142857,0.5555555555555556,0.5277777777777778,0.3611111111111111,0.45460317460317456,0.08688123911555631,16,0.7681853281853281,0.8664092664092664,0.8426932367149758,0.829861111111111,0.8327294685990336,0.8279756822039429,0.03254162431894982,7,none
0.015885162353515624,0.001520183494494889,0.019699811935424805,0.005070003581845457,0.3,,l2,lbfgs,,"{'clf__C': 0.3, 'clf__class_weight': None, 'clf__penalty': 'l2', 'clf__solver': 'lbfgs'}",0.42201834862385323,0.5833333333333334,0.5217391304347826,0.5052631578947369,0.46,0.4984707940573411,0.054980324962308924,1,0.3108108108108108,0.45901639344262296,0.42857142857142855,0.4067796610169492,0.359375,0.3929106587683623,0.05234316254645576,1,0.6571428571428571,0.8,0.6666666666666666,0.6666666666666666,0.6388888888888888,0.6858730158730159,0.057958030357689094,1,0.7498069498069498,0.854980694980695,0.8260869565217391,0.8188405797101449,0.7942330917874396,0.8087896545613937,0.03528365895542199,1,random_over
0.02564549446105957,0.004894676753987426,0.02196192741394043,0.0038842488845586072,0.3,balanced,l2,lbfgs,,"{'clf__C': 0.3, 'clf__class_weight': 'balanced', 'clf__penalty': 'l2', 'clf__solver': 'lbfgs'}",0.42201834862385323,0.5833333333333334,0.5217391304347826,0.5052631578947369,0.46,0.4984707940573411,0.054980324962308924,1,0.3108108108108108,0.45901639344262296,0.42857142857142855,0.4067796610169492,0.359375,0.3929106587683623,0.05234316254645576,1,0.6571428571428571,0.8,0.6666666666666666,0.6666666666666666,0.6388888888888888,0.6858730158730159,0.057958030357689094,1,0.7498069498069498,0.854980694980695,0.8260869565217391,0.8188405797101449,0.7942330917874396,0.8087896545613937,0.03528365895542199,1,random_over
0.0257108211517334,0.005684033752688846,0.017861413955688476,0.0020985036418462904,1.0,,l2,lbfgs,,"{'clf__C': 1.0, 'clf__class_weight': None, 'clf__penalty': 'l2', 'clf__solver': 'lbfgs'}",0.42592592592592593,0.5894736842105263,0.5161290322580645,0.5,0.43564356435643564,0.4934344413501905,0.059462378533896326,10,0.3150684931506849,0.4666666666666667,0.42105263157894735,0.4,0.3384615384615385,0.3882498659715675,0.055131973657086976,10,0.6571428571428571,0.8,0.6666666666666666,0.6666666666666666,0.6111111111111112,0.6803174603174603,0.06328219282266895,5,0.7487258687258688,0.8532818532818534,0.8280495169082126,0.813858695652174,0.783816425120773,0.8055464719377763,0.036207520246817025,12,random_over
0.02440671920776367,0.004445954593841309,0.014933490753173828,0.0012284314240892684,1.0,balanced,l2,lbfgs,,"{'clf__C': 1.0, 'clf__class_weight': 'balanced', 'clf__penalty': 'l2', 'clf__solver': 'lbfgs'}",0.42592592592592593,0.5894736842105263,0.5161290322580645,0.5,0.43564356435643564,0.4934344413501905,0.059462378533896326,10,0.3150684931506849,0.4666666666666667,0.42105263157894735,0.4,0.3384615384615385,0.3882498659715675,0.055131973657086976,10,0.6571428571428571,0.8,0.6666666666666666,0.6666666666666666,0.6111111111111112,0.6803174603174603,0.06328219282266895,5,0.7487258687258688,0.8532818532818534,0.8280495169082126,0.813858695652174,0.783816425120773,0.8055464719377763,0.036207520246817025,12,random_over
0.026007318496704103,0.006006844274248758,0.014230680465698243,0.0006890800385083574,3.0,,l2,lbfgs,,"{'clf__C': 3.0, 'clf__class_weight': None, 'clf__penalty': 'l2', 'clf__solver': 'lbfgs'}",0.42201834862385323,0.574468085106383,0.5106382978723404,0.48484848484848486,0.42718446601941745,0.4838315364940958,0.056505541979416894,19,0.3108108108108108,0.4576271186440678,0.41379310344827586,0.38095238095238093,0.3283582089552239,0.37830832456215185,0.0540528631492526,19,0.6571428571428571,0.7714285714285715,0.6666666666666666,0.6666666666666666,0.6111111111111112,0.6746031746031746,0.05260653685454568,14,0.745019305019305,0.8531274131274131,0.8315217391304349,0.8102355072463768,0.7768719806763286,0.8033551890399717,0.03852895872700237,15,random_over
0.01872568130493164,0.001738769520573136,0.015766286849975587,0.0010872161343113205,3.0,balanced,l2,lbfgs,,"{'clf__C': 3.0, 'clf__class_weight': 'balanced', 'clf__penalty': 'l2', 'clf__solver': 'lbfgs'}",0.42201834862385323,0.574468085106383,0.5106382978723404,0.48484848484848486,0.42718446601941745,0.4838315364940958,0.056505541979416894,19,0.3108108108108108,0.4576271186440678,0.41379310344827586,0.38095238095238093,0.3283582089552239,0.37830832456215185,0.0540528631492526,19,0.6571428571428571,0.7714285714285715,0.6666666666666666,0.6666666666666666,0.6111111111111112,0.6746031746031746,0.05260653685454568,14,0.745019305019305,0.8531274131274131,0.8315217391304349,0.8102355072463768,0.7768719806763286,0.8033551890399717,0.03852895872700237,15,random_over
0.03073711395263672,0.006574735331471112,0.023856353759765626,0.003035810531954209,0.3,,l1,liblinear,,"{'clf__C': 0.3, 'clf__class_weight': None, 'clf__penalty': 'l1', 'clf__solver': 'liblinear'}",0.4036697247706422,0.6153846153846154,0.5263157894736842,0.4791666666666667,0.4444444444444444,0.4937962481480106,0.07295706547621225,8,0.2972972972972973,0.5,0.423728813559322,0.38333333333333336,0.3492063492063492,0.3907131586792604,0.06861114685751132,6,0.6285714285714286,0.8,0.6944444444444444,0.6388888888888888,0.6111111111111112,0.6746031746031746,0.06862027948326797,14,0.7484169884169884,0.8555984555984556,0.823671497584541,0.8189915458937199,0.7889492753623188,0.8071255525712047,0.03616978014870309,7,random_over
0.02314901351928711,0.0035178106701756287,0.022369861602783203,0.005986000045524215,0.3,,l2,liblinear,,"{'clf__C': 0.3, 'clf__class_weight': None, 'clf__penalty': 'l2', 'clf__solver': 'liblinear'}",0.42201834862385323,0.5833333333333334,0.5217391304347826,0.5052631578947369,0.46,0.4984707940573411,0.054980324962308924,1,0.3108108108108108,0.45901639344262296,0.42857142857142855,0.4067796610169492,0.359375,0.3929106587683623,0.05234316254645576,1,0.6571428571428571,0.8,0.6666666666666666,0.6666666666666666,0.6388888888888888,0.6858730158730159,0.057958030357689094,1,0.7494980694980695,0.8546718146718145,0.8262379227053139,0.8189915458937198,0.7943840579710144,0.8087566821479865,0.035317704061625946,3,random_over
0.031550025939941405,0.011350029668552883,0.022221755981445313,0.0046099637355160985,0.3,balanced,l1,liblinear,,"{'clf__C': 0.3, 'clf__class_weight': 'balanced', 'clf__penalty': 'l1', 'clf__solver': 'liblinear'}",0.4036697247706422,0.6153846153846154,0.5263157894736842,0.4791666666666667,0.4444444444444444,0.4937962481480106,0.07295706547621225,8,0.2972972972972973,0.5,0.423728813559322,0.38333333333333336,0.3492063492063492,0.3907131586792604,0.06861114685751132,6,0.6285714285714286,0.8,0.6944444444444444,0.6388888888888888,0.6111111111111112,0.6746031746031746,0.06862027948326797,14,0.7484169884169884,0.8555984555984556,0.823671497584541,0.8189915458937199,0.7889492753623188,0.8071255525712047,0.03616978014870309,7,random_over
0.02304811477661133,0.0017506828518049264,0.02608036994934082,0.002276641971178006,0.3,balanced,l2,liblinear,,"{'clf__C': 0.3, 'clf__class_weight': 'balanced', 'clf__penalty': 'l2', 'clf__solver': 'liblinear'}",0.42201834862385323,0.5833333333333334,0.5217391304347826,0.5052631578947369,0.46,0.4984707940573411,0.054980324962308924,1,0.3108108108108108,0.45901639344262296,0.42857142857142855,0.4067796610169492,0.359375,0.3929106587683623,0.05234316254645576,1,0.6571428571428571,0.8,0.6666666666666666,0.6666666666666666,0.6388888888888888,0.6858730158730159,0.057958030357689094,1,0.7494980694980695,0.8546718146718145,0.8262379227053139,0.8189915458937198,0.7943840579710144,0.8087566821479865,0.035317704061625946,3,random_over
0.056793832778930665,0.009011970285141854,0.02922677993774414,0.003276507709348651,1.0,,l1,liblinear,,"{'clf__C': 1.0, 'clf__class_weight': None, 'clf__penalty': 'l1', 'clf__solver': 'liblinear'}",0.42990654205607476,0.6021505376344086,0.5161290322580645,0.4791666666666667,0.43137254901960786,0.4917450655269645,0.0638921058616643,13,0.3194444444444444,0.4827586206896552,0.42105263157894735,0.38333333333333336,0.3333333333333333,0.3879844726759427,0.059635153833227775,12,0.6571428571428571,0.8,0.6666666666666666,0.6388888888888888,0.6111111111111112,0.6747619047619048,0.06541993735534855,12,0.7473359073359074,0.8520463320463321,0.8230676328502415,0.8117451690821256,0.7801932367149759,0.8028776556059165,0.036064651337807535,19,random_over
0.022237205505371095,0.004701804009747276,0.02496800422668457,0.0025831515921336573,1.0,,l2,liblinear,,"{'clf__C': 1.0, 'clf__class_weight': None, 'clf__penalty': 'l2', 'clf__solver': 'liblinear'}",0.42990654205607476,0.5894736842105263,0.5161290322580645,0.5,0.44,0.4951018517049331,0.057721433472707764,6,0.3194444444444444,0.4666666666666667,0.42105263157894735,0.4,0.34375,0.39018274853801166,0.0530264568689404,8,0.6571428571428571,0.8,0.6666666666666666,0.6666666666666666,0.6111111111111112,0.6803174603174603,0.06328219282266895,5,0.7491891891891892,0.8532818532818534,0.8278985507246377,0.8146135265700484,0.7835144927536232,0.8056995225038704,0.0361162784380101,10,random_over
0.061982250213623045,0.011818709514521795,0.029416894912719725,0.002902306459162074,1.0,balanced,l1,liblinear,,"{'clf__C': 1.0, 'clf__class_weight': 'balanced', 'clf__penalty': 'l1', 'clf__solver': 'liblinear'}",0.42990654205607476,0.6021505376344086,0.5161290322580645,0.4791666666666667,0.43137254901960786,0.4917450655269645,0.0638921058616643,13,0.3194444444444444,0.4827586206896552,0.42105263157894735,0.38333333333333336,0.3333333333333333,0.3879844726759427,0.059635153833227775,12,0.6571428571428571,0.8,0.6666666666666666,0.6388888888888888,0.6111111111111112,0.6747619047619048,0.06541993735534855,12,0.7473359073359074,0.8520463320463321,0.8230676328502415,0.8117451690821256,0.7801932367149759,0.8028776556059165,0.036064651337807535,19,random_over
0.02761731147766113,0.0028506914461736907,0.030029773712158203,0.001960673909214565,1.0,balanced,l2,liblinear,,"{'clf__C': 1.0, 'clf__class_weight': 'balanced', 'clf__penalty': 'l2', 'clf__solver': 'liblinear'}",0.42990654205607476,0.5894736842105263,0.5161290322580645,0.5,0.44,0.4951018517049331,0.057721433472707764,6,0.3194444444444444,0.4666666666666667,0.42105263157894735,0.4,0.34375,0.39018274853801166,0.0530264568689404,8,0.6571428571428571,0.8,0.6666666666666666,0.6666666666666666,0.6111111111111112,0.6803174603174603,0.06328219282266895,5,0.7491891891891892,0.8532818532818534,0.8278985507246377,0.8146135265700484,0.7835144927536232,0.8056995225038704,0.0361162784380101,10,random_over
0.08144998550415039,0.025261573493265112,0.025125885009765626,0.0023189148463773667,3.0,,l1,liblinear,,"{'clf__C': 3.0, 'clf__class_weight': None, 'clf__penalty': 'l1', 'clf__solver': 'liblinear'}",0.42201834862385323,0.574468085106383,0.5106382978723404,0.48484848484848486,0.4230769230769231,0.48301002790559694,0.057346733905672895,21,0.3108108108108108,0.4576271186440678,0.41379310344827586,0.38095238095238093,0.3235294117647059,0.37734256512404823,0.054972014434296355,21,0.6571428571428571,0.7714285714285715,0.6666666666666666,0.6666666666666666,0.6111111111111112,0.6746031746031746,0.05260653685454568,14,0.7440926640926641,0.8523552123552124,0.8292572463768116,0.8093297101449274,0.7770229468599034,0.8024115559659037,0.03823243488473182,21,random_over
0.03244328498840332,0.0028129024732327502,0.03014068603515625,0.007332484479301779,3.0,,l2,liblinear,,"{'clf__C': 3.0, 'clf__class_weight': None, 'clf__penalty': 'l2', 'clf__solver': 'liblinear'}",0.42201834862385323,0.574468085106383,0.5106382978723404,0.4948453608247423,0.42718446601941745,0.4858309116893473,0.056682738128132334,17,0.3108108108108108,0.4576271186440678,0.41379310344827586,0.39344262295081966,0.3283582089552239,0.3808063729618396,0.05440480640098953,17,0.6571428571428571,0.7714285714285715,0.6666666666666666,0.6666666666666666,0.6111111111111112,0.6746031746031746,0.05260653685454568,14,0.7451737451737451,0.852972972972973,0.8316727053140097,0.8097826086956522,0.7768719806763285,0.8032948025665417,0.038448772247609654,17,random_over
0.08923039436340333,0.015058876039669962,0.025437688827514647,0.0034168211732615245,3.0,balanced,l1,liblinear,,"{'clf__C': 3.0, 'clf__class_weight': 'balanced', 'clf__penalty': 'l1', 'clf__solver': 'liblinear'}",0.42201834862385323,0.574468085106383,0.5106382978723404,0.48484848484848486,0.4230769230769231,0.48301002790559694,0.057346733905672895,21,0.3108108108108108,0.4576271186440678,0.41379310344827586,0.38095238095238093,0.3235294117647059,0.37734256512404823,0.054972014434296355,21,0.6571428571428571,0.7714285714285715,0.6666666666666666,0.6666666666666666,0.6111111111111112,0.6746031746031746,0.05260653685454568,14,0.7440926640926641,0.8523552123552124,0.8292572463768116,0.8093297101449274,0.7770229468599034,0.8024115559659037,0.03823243488473182,21,random_over
0.03678607940673828,0.003512250617231327,0.029208612442016602,0.0023281365880507407,3.0,balanced,l2,liblinear,,"{'clf__C': 3.0, 'clf__class_weight': 'balanced', 'clf__penalty': 'l2', 'clf__solver': 'liblinear'}",0.42201834862385323,0.574468085106383,0.5106382978723404,0.4948453608247423,0.42718446601941745,0.4858309116893473,0.056682738128132334,17,0.3108108108108108,0.4576271186440678,0.41379310344827586,0.39344262295081966,0.3283582089552239,0.3808063729618396,0.05440480640098953,17,0.6571428571428571,0.7714285714285715,0.6666666666666666,0.6666666666666666,0.6111111111111112,0.6746031746031746,0.05260653685454568,14,0.7451737451737451,0.852972972972973,0.8316727053140097,0.8097826086956522,0.7768719806763285,0.8032948025665417,0.038448772247609654,17,random_over
0.18338980674743652,0.019269694488283515,0.019773483276367188,0.0020892738629041505,0.3,,elasticnet,saga,0.2,"{'clf__C': 0.3, 'clf__class_weight': None, 'clf__l1_ratio': 0.2, 'clf__penalty': 'elasticnet', 'clf__solver': 'saga'}",0.41818181818181815,0.5894736842105263,0.5217391304347826,0.4842105263157895,0.46464646464646464,0.49565032475787624,0.05757938242453953,5,0.30666666666666664,0.4666666666666667,0.42857142857142855,0.3898305084745763,0.36507936507936506,0.39136292709174064,0.05462921607565095,5,0.6571428571428571,0.8,0.6666666666666666,0.6388888888888888,0.6388888888888888,0.6803174603174603,0.06079468688246379,5,0.7493436293436294,0.854980694980695,0.8245772946859903,0.8182367149758454,0.7937801932367149,0.808183705444575,0.03529698774111701,6,random_over
0.20715718269348143,0.021575146162428945,0.023617982864379883,0.0012886972225492654,0.3,,elasticnet,saga,0.4,"{'clf__C': 0.3, 'clf__class_weight': None, 'clf__l1_ratio': 0.4, 'clf__penalty': 'elasticnet', 'clf__solver': 'saga'}",0.4036697247706422,0.5894736842105263,0.5106382978723404,0.4842105263157895,0.4444444444444444,0.4864873355227486,0.06296189673052484,16,0.2972972972972973,0.4666666666666667,0.41379310344827586,0.3898305084745763,0.3492063492063492,0.3833587850186331,0.057413069292926104,16,0.6285714285714286,0.8,0.6666666666666666,0.6388888888888888,0.6111111111111112,0.6690476190476191,0.06790980041712223,22,0.7507335907335907,0.8555984555984556,0.8226147342995169,0.8183876811594203,0.7948369565217391,0.8084342836625446,0.03475304788433415,5,random_over
0.25524606704711916,0.04424631690345002,0.015824270248413087,0.0023780847374034715,1.0,,elasticnet,saga,0.2,"{'clf__C': 1.0, 'clf__class_weight': None, 'clf__l1_ratio': 0.2, 'clf__penalty': 'elasticnet', 'clf__solver': 'saga'}",0.42592592592592593,0.5894736842105263,0.5161290322580645,0.5052631578947369,0.42718446601941745,0.4927952532617342,0.06135619812179959,12,0.3150684931506849,0.4666666666666667,0.42105263157894735,0.4067796610169492,0.3283582089552239,0.3875851322736944,0.05746108930543933,14,0.6571428571428571,0.8,0.6666666666666666,0.6666666666666666,0.6111111111111112,0.6803174603174603,0.06328219282266895,5,0.7490347490347491,0.8535907335907336,0.8278985507246377,0.8143115942028986,0.7839673913043479,0.8057606037714733,0.036176501092383004,9,random_over
0.2751715660095215,0.03548691152195117,0.015152072906494141,0.0016700788740097211,1.0,,elasticnet,saga,0.4,"{'clf__C': 1.0, 'clf__class_weight': None, 'clf__l1_ratio': 0.4, 'clf__penalty': 'elasticnet', 'clf__solver': 'saga'}",0.42592592592592593,0.5894736842105263,0.5161290322580645,0.5,0.42718446601941745,0.4917426216827868,0.061178157545365056,15,0.3150684931506849,0.4666666666666667,0.42105263157894735,0.4,0.3283582089552239,0.3862292000703046,0.05707081595197926,15,0.6571428571428571,0.8,0.6666666666666666,0.6666666666666666,0.6111111111111112,0.6803174603174603,0.06328219282266895,5,0.7488803088803089,0.8526640926640927,0.8268417874396136,0.8134057971014492,0.7841183574879227,0.8051820687146775,0.03579073570980798,14,random_over
0.3263564586639404,0.010648222015048385,0.01840219497680664,0.00349152146441034,0.3,,l2,lbfgs,,"{'clf__C': 0.3, 'clf__class_weight': None, 'clf__penalty': 'l2', 'clf__solver': 'lbfgs'}",0.3888888888888889,0.5591397849462365,0.5052631578947369,0.4827586206896552,0.5098039215686274,0.489170874797629,0.055996296810166934,21,0.2876712328767123,0.4482758620689655,0.4067796610169492,0.4117647058823529,0.3939393939393939,0.3896861711568748,0.054106447875901145,20,0.6,0.7428571428571429,0.6666666666666666,0.5833333333333334,0.7222222222222222,0.6630158730158731,0.06358247530995227,21,0.7578378378378379,0.8585328185328185,0.8217089371980676,0.8318236714975845,0.8265398550724637,0.8192886240277545,0.03326220560422048,5,smote
0.3498055934906006,0.008365370166727708,0.022983455657958986,0.004381465540820045,0.3,balanced,l2,lbfgs,,"{'clf__C': 0.3, 'clf__class_weight': 'balanced', 'clf__penalty': 'l2', 'clf__solver': 'lbfgs'}",0.3888888888888889,0.5591397849462365,0.5052631578947369,0.4827586206896552,0.5098039215686274,0.489170874797629,0.055996296810166934,21,0.2876712328767123,0.4482758620689655,0.4067796610169492,0.4117647058823529,0.3939393939393939,0.3896861711568748,0.054106447875901145,20,0.6,0.7428571428571429,0.6666666666666666,0.5833333333333334,0.7222222222222222,0.6630158730158731,0.06358247530995227,21,0.7578378378378379,0.8585328185328185,0.8217089371980676,0.8318236714975845,0.8265398550724637,0.8192886240277545,0.03326220560422048,5,smote
0.3891767978668213,0.02021062927893636,0.021619129180908202,0.004343671767413639,1.0,,l2,lbfgs,,"{'clf__C': 1.0, 'clf__class_weight': None, 'clf__penalty': 'l2', 'clf__solver': 'lbfgs'}",0.42990654205607476,0.5531914893617021,0.5154639175257731,0.4943820224719101,0.5098039215686274,0.5005495785968175,0.040268420626481796,3,0.3194444444444444,0.4406779661016949,0.4098360655737705,0.41509433962264153,0.3939393939393939,0.3957984419363891,0.04102912922951786,3,0.6571428571428571,0.7428571428571429,0.6944444444444444,0.6111111111111112,0.7222222222222222,0.6855555555555555,0.0470237927801189,3,0.7578378378378379,0.854980694980695,0.8211050724637681,0.8283514492753623,0.8164251207729469,0.815740035066122,0.03187724759591126,12,smote
0.4263892650604248,0.023329971966954872,0.027122116088867186,0.003476177879309086,1.0,balanced,l2,lbfgs,,"{'clf__C': 1.0, 'clf__class_weight': 'balanced', 'clf__penalty': 'l2', 'clf__solver': 'lbfgs'}",0.42990654205607476,0.5531914893617021,0.5154639175257731,0.4943820224719101,0.5098039215686274,0.5005495785968175,0.040268420626481796,3,0.3194444444444444,0.4406779661016949,0.4098360655737705,0.41509433962264153,0.3939393939393939,0.3957984419363891,0.04102912922951786,3,0.6571428571428571,0.7428571428571429,0.6944444444444444,0.6111111111111112,0.7222222222222222,0.6855555555555555,0.0470237927801189,3,0.7578378378378379,0.854980694980695,0.8211050724637681,0.8283514492753623,0.8164251207729469,0.815740035066122,0.03187724759591126,12,smote
0.4929683685302734,0.013609448667733838,0.02805166244506836,0.0020383992118225103,3.0,,l2,lbfgs,,"{'clf__C': 3.0, 'clf__class_weight': None, 'clf__penalty': 'l2', 'clf__solver': 'lbfgs'}",0.4339622641509434,0.5434782608695652,0.5102040816326531,0.4835164835164835,0.5048543689320388,0.49520309182033684,0.03615434850539473,12,0.323943661971831,0.43859649122807015,0.4032258064516129,0.4,0.3880597014925373,0.39076513222881026,0.037418760886291765,17,0.6571428571428571,0.7142857142857143,0.6944444444444444,0.6111111111111112,0.7222222222222222,0.6798412698412698,0.041072789640817065,9,0.7559845559845559,0.8548262548262548,0.8218599033816426,0.823822463768116,0.8118961352657005,0.8136778626452541,0.03223271967282856,17,smote
0.5115437984466553,0.005073348809601967,0.029714107513427734,0.0025423988021896753,3.0,balanced,l2,lbfgs,,"{'clf__C': 3.0, 'clf__class_weight': 'balanced', 'clf__penalty': 'l2', 'clf__solver': 'lbfgs'}",0.4339622641509434,0.5434782608695652,0.5102040816326531,0.4835164835164835,0.5048543689320388,0.49520309182033684,0.03615434850539473,12,0.323943661971831,0.43859649122807015,0.4032258064516129,0.4,0.3880597014925373,0.39076513222881026,0.037418760886291765,17,0.6571428571428571,0.7142857142857143,0.6944444444444444,0.6111111111111112,0.7222222222222222,0.6798412698412698,0.041072789640817065,9,0.7559845559845559,0.8548262548262548,0.8218599033816426,0.823822463768116,0.8118961352657005,0.8136778626452541,0.03223271967282856,17,smote
0.22146186828613282,0.2389905934113558,0.023536539077758788,0.004614987673178185,0.3,,l1,liblinear,,"{'clf__C': 0.3, 'clf__class_weight': None, 'clf__penalty': 'l1', 'clf__solver': 'liblinear'}",0.4230769230769231,0.5591397849462365,0.5416666666666666,0.4888888888888889,0.5046728971962616,0.5034890321549954,0.04740297684607824,1,0.3188405797101449,0.4482758620689655,0.43333333333333335,0.4074074074074074,0.38028169014084506,0.39762777453213927,0.045703535161401604,1,0.6285714285714286,0.7428571428571429,0.7222222222222222,0.6111111111111112,0.75,0.690952380952381,0.05903310966981994,1,0.7592277992277993,0.8619305019305019,0.8241243961352657,0.8331823671497586,0.8355978260869565,0.8228125781060565,0.034193426346646606,1,smote
0.021489667892456054,0.0033618110997496887,0.023649072647094725,0.0030684397570648583,0.3,,l2,liblinear,,"{'clf__C': 0.3, 'clf__class_weight': None, 'clf__penalty': 'l2', 'clf__solver': 'liblinear'}",0.3888888888888889,0.5591397849462365,0.5208333333333334,0.4827586206896552,0.5098039215686274,0.4922849098853483,0.05722410316443861,16,0.2876712328767123,0.4482758620689655,0.4166666666666667,0.4117647058823529,0.3939393939393939,0.39166357228681836,0.054870297383834116,10,0.6,0.7428571428571429,0.6944444444444444,0.5833333333333334,0.7222222222222222,0.6685714285714286,0.06485948142378148,16,0.7575289575289574,0.8582239382239383,0.8220108695652174,0.8315217391304347,0.8257850241545894,0.8190141057206274,0.0332538756736205,7,smote
0.028316402435302736,0.0038976451444051948,0.022310495376586914,0.004387732243210188,0.3,balanced,l1,liblinear,,"{'clf__C': 0.3, 'clf__class_weight': 'balanced', 'clf__penalty': 'l1', 'clf__solver': 'liblinear'}",0.4230769230769231,0.5591397849462365,0.5416666666666666,0.4888888888888889,0.5046728971962616,0.5034890321549954,0.04740297684607824,1,0.3188405797101449,0.4482758620689655,0.43333333333333335,0.4074074074074074,0.38028169014084506,0.39762777453213927,0.045703535161401604,1,0.6285714285714286,0.7428571428571429,0.7222222222222222,0.6111111111111112,0.75,0.690952380952381,0.05903310966981994,1,0.7592277992277993,0.8619305019305019,0.8241243961352657,0.8331823671497586,0.8355978260869565,0.8228125781060565,0.034193426346646606,1,smote
0.024272775650024413,0.004826746448672156,0.022760534286499025,0.004975096929507197,0.3,balanced,l2,liblinear,,"{'clf__C': 0.3, 'clf__class_weight': 'balanced', 'clf__penalty': 'l2', 'clf__solver': 'liblinear'}",0.3888888888888889,0.5591397849462365,0.5208333333333334,0.4827586206896552,0.5098039215686274,0.4922849098853483,0.05722410316443861,16,0.2876712328767123,0.4482758620689655,0.4166666666666667,0.4117647058823529,0.3939393939393939,0.39166357228681836,0.054870297383834116,10,0.6,0.7428571428571429,0.6944444444444444,0.5833333333333334,0.7222222222222222,0.6685714285714286,0.06485948142378148,16,0.7575289575289574,0.8582239382239383,0.8220108695652174,0.8315217391304347,0.8257850241545894,0.8190141057206274,0.0332538756736205,7,smote
0.049856138229370114,0.015763758212051136,0.02552933692932129,0.00380759253021,1.0,,l1,liblinear,,"{'clf__C': 1.0, 'clf__class_weight': None, 'clf__penalty': 'l1', 'clf__solver': 'liblinear'}",0.41904761904761906,0.5494505494505495,0.5154639175257731,0.47191011235955055,0.5048543689320388,0.49214531346310625,0.044140466129123916,18,0.3142857142857143,0.44642857142857145,0.4098360655737705,0.39622641509433965,0.3880597014925373,0.3909672935749866,0.04323924363599538,15,0.6285714285714286,0.7142857142857143,0.6944444444444444,0.5833333333333334,0.7222222222222222,0.6685714285714286,0.05385749605748731,16,0.7558301158301158,0.854980694980695,0.8195954106280193,0.8256340579710145,0.8183876811594204,0.814885592113853,0.032388711272305096,15,smote
0.025069618225097658,0.0034541057761535913,0.024485683441162108,0.004084576369152815,1.0,,l2,liblinear,,"{'clf__C': 1.0, 'clf__class_weight': None, 'clf__penalty': 'l2', 'clf__solver': 'liblinear'}",0.42990654205607476,0.5531914893617021,0.5154639175257731,0.4888888888888889,0.5148514851485149,0.5004604645961908,0.04080324348704424,5,0.3194444444444444,0.4406779661016949,0.4098360655737705,0.4074074074074074,0.4,0.39547317670546345,0.040479752177615604,5,0.6571428571428571,0.7428571428571429,0.6944444444444444,0.6111111111111112,0.7222222222222222,0.6855555555555555,0.0470237927801189,3,0.7581467181467181,0.8551351351351351,0.8214070048309178,0.8278985507246377,0.816274154589372,0.8157723126853561,0.03177794262378083,10,smote
0.05844511985778809,0.01187879910526864,0.02844400405883789,0.003950151236590149,1.0,balanced,l1,liblinear,,"{'clf__C': 1.0, 'clf__class_weight': 'balanced', 'clf__penalty': 'l1', 'clf__solver': 'liblinear'}",0.41904761904761906,0.5494505494505495,0.5154639175257731,0.47191011235955055,0.5048543689320388,0.49214531346310625,0.044140466129123916,18,0.3142857142857143,0.44642857142857145,0.4098360655737705,0.39622641509433965,0.3880597014925373,0.3909672935749866,0.04323924363599538,15,0.6285714285714286,0.7142857142857143,0.6944444444444444,0.5833333333333334,0.7222222222222222,0.6685714285714286,0.05385749605748731,16,0.7558301158301158,0.854980694980695,0.8195954106280193,0.8256340579710145,0.8183876811594204,0.814885592113853,0.032388711272305096,15,smote
0.031177568435668945,0.0019356242804492404,0.02821011543273926,0.0017921821376487594,1.0,balanced,l2,liblinear,,"{'clf__C': 1.0, 'clf__class_weight': 'balanced', 'clf__penalty': 'l2', 'clf__solver': 'liblinear'}",0.42990654205607476,0.5531914893617021,0.5154639175257731,0.4888888888888889,0.5148514851485149,0.5004604645961908,0.04080324348704424,5,0.3194444444444444,0.4406779661016949,0.4098360655737705,0.4074074074074074,0.4,0.39547317670546345,0.040479752177615604,5,0.6571428571428571,0.7428571428571429,0.6944444444444444,0.6111111111111112,0.7222222222222222,0.6855555555555555,0.0470237927801189,3,0.7581467181467181,0.8551351351351351,0.8214070048309178,0.8278985507246377,0.816274154589372,0.8157723126853561,0.03177794262378083,10,smote
0.0950434684753418,0.0198628531140037,0.028265905380249024,0.004332700457158204,3.0,,l1,liblinear,,"{'clf__C': 3.0, 'clf__class_weight': None, 'clf__penalty': 'l1', 'clf__solver': 'liblinear'}",0.4339622641509434,0.5494505494505495,0.5154639175257731,0.4835164835164835,0.49523809523809526,0.49552626197636895,0.038052023692251455,9,0.323943661971831,0.44642857142857145,0.4098360655737705,0.4,0.37681159420289856,0.39140397863541426,0.0405096808973696,12,0.6571428571428571,0.7142857142857143,0.6944444444444444,0.6111111111111112,0.7222222222222222,0.6798412698412698,0.041072789640817065,9,0.7533590733590734,0.8542084942084942,0.8206521739130435,0.8221618357487923,0.8114432367149759,0.8123649627888758,0.03285751748392213,21,smote
0.03350710868835449,0.0018866127154574472,0.030133581161499022,0.003230031501811037,3.0,,l2,liblinear,,"{'clf__C': 3.0, 'clf__class_weight': None, 'clf__penalty': 'l2', 'clf__solver': 'liblinear'}",0.4339622641509434,0.5494505494505495,0.5102040816326531,0.4835164835164835,0.5098039215686274,0.49738746006385137,0.03806352334767018,7,0.323943661971831,0.44642857142857145,0.4032258064516129,0.4,0.3939393939393939,0.39350748675828184,0.039437423676677366,7,0.6571428571428571,0.7142857142857143,0.6944444444444444,0.6111111111111112,0.7222222222222222,0.6798412698412698,0.041072789640817065,9,0.7556756756756756,0.8548262548262547,0.8218599033816426,0.8235205314009661,0.8118961352657006,0.813555700110048,0.03232450378648364,19,smote
0.08974943161010743,0.01716263820396257,0.025855302810668945,0.004821899949039847,3.0,balanced,l1,liblinear,,"{'clf__C': 3.0, 'clf__class_weight': 'balanced', 'clf__penalty': 'l1', 'clf__solver': 'liblinear'}",0.4339622641509434,0.5494505494505495,0.5154639175257731,0.4835164835164835,0.49523809523809526,0.49552626197636895,0.038052023692251455,9,0.323943661971831,0.44642857142857145,0.4098360655737705,0.4,0.37681159420289856,0.39140397863541426,0.0405096808973696,12,0.6571428571428571,0.7142857142857143,0.6944444444444444,0.6111111111111112,0.7222222222222222,0.6798412698412698,0.041072789640817065,9,0.7533590733590734,0.8542084942084942,0.8206521739130435,0.8221618357487923,0.8114432367149759,0.8123649627888758,0.03285751748392213,21,smote
0.037955427169799806,0.008008980270646018,0.03127918243408203,0.001526766024442846,3.0,balanced,l2,liblinear,,"{'clf__C': 3.0, 'clf__class_weight': 'balanced', 'clf__penalty': 'l2', 'clf__solver': 'liblinear'}",0.4339622641509434,0.5494505494505495,0.5102040816326531,0.4835164835164835,0.5098039215686274,0.49738746006385137,0.03806352334767018,7,0.323943661971831,0.44642857142857145,0.4032258064516129,0.4,0.3939393939393939,0.39350748675828184,0.039437423676677366,7,0.6571428571428571,0.7142857142857143,0.6944444444444444,0.6111111111111112,0.7222222222222222,0.6798412698412698,0.041072789640817065,9,0.7556756756756756,0.8548262548262547,0.8218599033816426,0.8235205314009661,0.8118961352657006,0.813555700110048,0.03232450378648364,19,smote
0.2324920654296875,0.03015830622425297,0.024943780899047852,0.0017938847454097918,0.3,,elasticnet,saga,0.2,"{'clf__C': 0.3, 'clf__class_weight': None, 'clf__l1_ratio': 0.2, 'clf__penalty': 'elasticnet', 'clf__solver': 'saga'}",0.3853211009174312,0.5652173913043478,0.5154639175257731,0.4827586206896552,0.5,0.4897522060874415,0.05901842005464083,20,0.28378378378378377,0.45614035087719296,0.4098360655737705,0.4117647058823529,0.38235294117647056,0.3887755694587141,0.057575313944326516,22,0.6,0.7428571428571429,0.6944444444444444,0.5833333333333334,0.7222222222222222,0.6685714285714286,0.06485948142378148,16,0.756138996138996,0.8586872586872586,0.8221618357487922,0.8319746376811594,0.8294082125603865,0.8196741881633187,0.03409099874479078,4,smote
0.21232075691223146,0.03013354636359488,0.02147088050842285,0.004719103066943294,0.3,,elasticnet,saga,0.4,"{'clf__C': 0.3, 'clf__class_weight': None, 'clf__l1_ratio': 0.4, 'clf__penalty': 'elasticnet', 'clf__solver': 'saga'}",0.3888888888888889,0.5714285714285714,0.5154639175257731,0.4827586206896552,0.5094339622641509,0.4935947921594079,0.059779568317335344,15,0.2876712328767123,0.4642857142857143,0.4098360655737705,0.4117647058823529,0.38571428571428573,0.39185440086656714,0.05806528942763004,9,0.6,0.7428571428571429,0.6944444444444444,0.5833333333333334,0.75,0.6741269841269841,0.07018781268951593,15,0.756138996138996,0.8599227799227798,0.8198973429951691,0.8328804347826088,0.831219806763285,0.8200118721205678,0.034536518841993234,3,smote
0.32430315017700195,0.04445728295956083,0.01526031494140625,0.00047987775778268597,1.0,,elasticnet,saga,0.2,"{'clf__C': 1.0, 'clf__class_weight': None, 'clf__l1_ratio': 0.2, 'clf__penalty': 'elasticnet', 'clf__solver': 'saga'}",0.42592592592592593,0.5531914893617021,0.5154639175257731,0.47191011235955055,0.5098039215686274,0.49525907334831587,0.04319308387666948,11,0.3150684931506849,0.4406779661016949,0.4098360655737705,0.39622641509433965,0.3939393939393939,0.3911496667719768,0.041531036263171256,14,0.6571428571428571,0.7428571428571429,0.6944444444444444,0.5833333333333334,0.7222222222222222,0.6799999999999999,0.05623036876438015,7,0.7583011583011584,0.8554440154440155,0.8206521739130436,0.8278985507246378,0.8165760869565218,0.8157743970678754,0.03177509185499314,9,smote
0.34455060958862305,0.050533379386045935,0.014423704147338868,0.0010773033616281167,1.0,,elasticnet,saga,0.4,"{'clf__C': 1.0, 'clf__class_weight': None, 'clf__l1_ratio': 0.4, 'clf__penalty': 'elasticnet', 'clf__solver': 'saga'}",0.42592592592592593,0.5531914893617021,0.5154639175257731,0.47191011235955055,0.5048543689320388,0.4942691628209982,0.042904148860481224,14,0.3150684931506849,0.4406779661016949,0.4098360655737705,0.39622641509433965,0.3880597014925373,0.38997372828260546,0.041518636819071565,19,0.6571428571428571,0.7428571428571429,0.6944444444444444,0.5833333333333334,0.7222222222222222,0.6799999999999999,0.05623036876438015,7,0.7562934362934363,0.8554440154440155,0.8203502415458938,0.827445652173913,0.8167270531400966,0.8152520797194711,0.03246032452618395,14,smote
0.018506860733032225,0.0032387494457321504,0.02369384765625,0.0035984784271686,0.3,,l2,lbfgs,,"{'clf__C': 0.3, 'clf__class_weight': None, 'clf__penalty': 'l2', 'clf__solver': 'lbfgs'}",0.45161290322580644,0.5747126436781609,0.5555555555555556,0.5393258426966292,0.5252525252525253,0.5292918940817355,0.042199162678074144,1,0.3620689655172414,0.4807692307692308,0.46296296296296297,0.4528301886792453,0.4126984126984127,0.4342659521254186,0.042445889946371454,1,0.6,0.7142857142857143,0.6944444444444444,0.6666666666666666,0.7222222222222222,0.6795238095238095,0.04414410995750781,1,0.7663320463320464,0.8582239382239382,0.8259359903381642,0.8365036231884059,0.8156702898550725,0.8205331775875255,0.030549138325434353,5,borderline_smote
0.02825608253479004,0.005017566193766271,0.024788713455200194,0.0019326459886322546,0.3,balanced,l2,lbfgs,,"{'clf__C': 0.3, 'clf__class_weight': 'balanced', 'clf__penalty': 'l2', 'clf__solver': 'lbfgs'}",0.45161290322580644,0.5747126436781609,0.5555555555555556,0.5393258426966292,0.5252525252525253,0.5292918940817355,0.042199162678074144,1,0.3620689655172414,0.4807692307692308,0.46296296296296297,0.4528301886792453,0.4126984126984127,0.4342659521254186,0.042445889946371454,1,0.6,0.7142857142857143,0.6944444444444444,0.6666666666666666,0.7222222222222222,0.6795238095238095,0.04414410995750781,1,0.7663320463320464,0.8582239382239382,0.8259359903381642,0.8365036231884059,0.8156702898550725,0.8205331775875255,0.030549138325434353,5,borderline_smote
0.03319053649902344,0.006296626475934401,0.023945188522338866,0.0021658222277742656,1.0,,l2,lbfgs,,"{'clf__C': 1.0, 'clf__class_weight': None, 'clf__penalty': 'l2', 'clf__solver': 'lbfgs'}",0.4375,0.5517241379310345,0.5494505494505495,0.5652173913043478,0.5102040816326531,0.5228192320637169,0.046434551653464565,12,0.3442622950819672,0.46153846153846156,0.45454545454545453,0.4642857142857143,0.4032258064516129,0.4255715463806421,0.04635174123292839,15,0.6,0.6857142857142857,0.6944444444444444,0.7222222222222222,0.6944444444444444,0.6793650793650793,0.041546690458233254,5,0.7644787644787645,0.856061776061776,0.8251811594202898,0.8339371980676328,0.8060084541062802,0.8171334704269487,0.030850697194647794,15,borderline_smote
0.03146395683288574,0.0024468309124396127,0.017551660537719727,0.002354405045712261,1.0,balanced,l2,lbfgs,,"{'clf__C': 1.0, 'clf__class_weight': 'balanced', 'clf__penalty': 'l2', 'clf__solver': 'lbfgs'}",0.4375,0.5517241379310345,0.5494505494505495,0.5652173913043478,0.5102040816326531,0.5228192320637169,0.046434551653464565,12,0.3442622950819672,0.46153846153846156,0.45454545454545453,0.4642857142857143,0.4032258064516129,0.4255715463806421,0.04635174123292839,15,0.6,0.6857142857142857,0.6944444444444444,0.7222222222222222,0.6944444444444444,0.6793650793650793,0.041546690458233254,5,0.7644787644787645,0.856061776061776,0.8251811594202898,0.8339371980676328,0.8060084541062802,0.8171334704269487,0.030850697194647794,15,borderline_smote
0.027904653549194337,0.00573061980508474,0.016485071182250975,0.0029242365730687294,3.0,,l2,lbfgs,,"{'clf__C': 3.0, 'clf__class_weight': None, 'clf__penalty': 'l2', 'clf__solver': 'lbfgs'}",0.42857142857142855,0.5517241379310345,0.5434782608695652,0.5777777777777777,0.5102040816326531,0.5223511373564917,0.05162058837643868,17,0.3333333333333333,0.46153846153846156,0.44642857142857145,0.48148148148148145,0.4032258064516129,0.42520153084669216,0.052651858095340794,17,0.6,0.6857142857142857,0.6944444444444444,0.7222222222222222,0.6944444444444444,0.6793650793650793,0.041546690458233254,5,0.7641698841698842,0.8542084942084942,0.8271437198067634,0.8321256038647343,0.8023852657004831,0.8160065935500718,0.03071100226449691,17,borderline_smote
0.021743917465209962,0.0060795379672123956,0.01566486358642578,0.002677052612414876,3.0,balanced,l2,lbfgs,,"{'clf__C': 3.0, 'clf__class_weight': 'balanced', 'clf__penalty': 'l2', 'clf__solver': 'lbfgs'}",0.42857142857142855,0.5517241379310345,0.5434782608695652,0.5777777777777777,0.5102040816326531,0.5223511373564917,0.05162058837643868,17,0.3333333333333333,0.46153846153846156,0.44642857142857145,0.48148148148148145,0.4032258064516129,0.42520153084669216,0.052651858095340794,17,0.6,0.6857142857142857,0.6944444444444444,0.7222222222222222,0.6944444444444444,0.6793650793650793,0.041546690458233254,5,0.7641698841698842,0.8542084942084942,0.8271437198067634,0.8321256038647343,0.8023852657004831,0.8160065935500718,0.03071100226449691,17,borderline_smote
0.030658674240112305,0.008257115619154333,0.024822139739990236,0.003076558076880896,0.3,,l1,liblinear,,"{'clf__C': 0.3, 'clf__class_weight': None, 'clf__penalty': 'l1', 'clf__solver': 'liblinear'}",0.44680851063829785,0.5581395348837209,0.5617977528089888,0.5555555555555556,0.5050505050505051,0.5254703717874136,0.04448984259054773,7,0.3559322033898305,0.47058823529411764,0.4716981132075472,0.46296296296296297,0.3968253968253968,0.4316013823359711,0.04700311708856291,7,0.6,0.6857142857142857,0.6944444444444444,0.6944444444444444,0.6944444444444444,0.6738095238095237,0.03705932813699178,17,0.7686486486486487,0.8594594594594596,0.8253321256038647,0.8351449275362318,0.826237922705314,0.8229646167907039,0.029822064100509964,1,borderline_smote
0.026731443405151368,0.005322322471259293,0.025904417037963867,0.0053876051800401245,0.3,,l2,liblinear,,"{'clf__C': 0.3, 'clf__class_weight': None, 'clf__penalty': 'l2', 'clf__solver': 'liblinear'}",0.45161290322580644,0.5581395348837209,0.5555555555555556,0.5393258426966292,0.5252525252525253,0.5259772723228474,0.03903345988397534,5,0.3620689655172414,0.47058823529411764,0.46296296296296297,0.4528301886792453,0.4126984126984127,0.43222975303039596,0.04035911461587742,5,0.6,0.6857142857142857,0.6944444444444444,0.6666666666666666,0.7222222222222222,0.6738095238095239,0.04101262948499977,13,0.766949806949807,0.858069498069498,0.8256340579710145,0.8358997584541062,0.8156702898550724,0.8204446822598996,0.030218908889712327,7,borderline_smote
0.0392301082611084,0.005521848536850394,0.028162240982055664,0.0019444802500365216,0.3,balanced,l1,liblinear,,"{'clf__C': 0.3, 'clf__class_weight': 'balanced', 'clf__penalty': 'l1', 'clf__solver': 'liblinear'}",0.44680851063829785,0.5581395348837209,0.5617977528089888,0.5555555555555556,0.5050505050505051,0.5254703717874136,0.04448984259054773,7,0.3559322033898305,0.47058823529411764,0.4716981132075472,0.46296296296296297,0.3968253968253968,0.4316013823359711,0.04700311708856291,7,0.6,0.6857142857142857,0.6944444444444444,0.6944444444444444,0.6944444444444444,0.6738095238095237,0.03705932813699178,17,0.7686486486486487,0.8594594594594596,0.8253321256038647,0.8351449275362318,0.826237922705314,0.8229646167907039,0.029822064100509964,1,borderline_smote
0.02696399688720703,0.004340814682929002,0.028912878036499022,0.003904531091839678,0.3,balanced,l2,liblinear,,"{'clf__C': 0.3, 'clf__class_weight': 'balanced', 'clf__penalty': 'l2', 'clf__solver': 'liblinear'}",0.45161290322580644,0.5581395348837209,0.5555555555555556,0.5393258426966292,0.5252525252525253,0.5259772723228474,0.03903345988397534,5,0.3620689655172414,0.47058823529411764,0.46296296296296297,0.4528301886792453,0.4126984126984127,0.43222975303039596,0.04035911461587742,5,0.6,0.6857142857142857,0.6944444444444444,0.6666666666666666,0.7222222222222222,0.6738095238095239,0.04101262948499977,13,0.766949806949807,0.858069498069498,0.8256340579710145,0.8358997584541062,0.8156702898550724,0.8204446822598996,0.030218908889712327,7,borderline_smote
0.05737624168395996,0.00351856764097845,0.03031630516052246,0.0017516594502937843,1.0,,l1,liblinear,,"{'clf__C': 1.0, 'clf__class_weight': None, 'clf__penalty': 'l1', 'clf__solver': 'liblinear'}",0.43010752688172044,0.5747126436781609,0.5555555555555556,0.5555555555555556,0.5252525252525253,0.5282367613847037,0.051557527082450545,3,0.3448275862068966,0.4807692307692308,0.46296296296296297,0.46296296296296297,0.4126984126984127,0.43284423112009324,0.04952547907627002,3,0.5714285714285714,0.7142857142857143,0.6944444444444444,0.6944444444444444,0.7222222222222222,0.6793650793650794,0.05506586907524336,3,0.7644787644787644,0.8559073359073358,0.8257850241545894,0.8334842995169083,0.8070652173913043,0.8173441282897805,0.03072223146884396,9,borderline_smote
0.03001294136047363,0.002418921231900616,0.02709784507751465,0.004068979193460853,1.0,,l2,liblinear,,"{'clf__C': 1.0, 'clf__class_weight': None, 'clf__penalty': 'l2', 'clf__solver': 'liblinear'}",0.4375,0.5517241379310345,0.5494505494505495,0.5494505494505495,0.5102040816326531,0.5196658636929572,0.04391524207982264,20,0.3442622950819672,0.46153846153846156,0.45454545454545453,0.45454545454545453,0.4032258064516129,0.4236234944325902,0.04486456419585747,20,0.6,0.6857142857142857,0.6944444444444444,0.6944444444444444,0.6944444444444444,0.6738095238095237,0.03705932813699178,17,0.7647876447876448,0.8563706563706563,0.8254830917874396,0.833786231884058,0.8058574879227053,0.8172570225505009,0.03083421579820792,12,borderline_smote
0.05737137794494629,0.008463981972735953,0.029014396667480468,0.002671579335716058,1.0,balanced,l1,liblinear,,"{'clf__C': 1.0, 'clf__class_weight': 'balanced', 'clf__penalty': 'l1', 'clf__solver': 'liblinear'}",0.43010752688172044,0.5747126436781609,0.5555555555555556,0.5555555555555556,0.5252525252525253,0.5282367613847037,0.051557527082450545,3,0.3448275862068966,0.4807692307692308,0.46296296296296297,0.46296296296296297,0.4126984126984127,0.43284423112009324,0.04952547907627002,3,0.5714285714285714,0.7142857142857143,0.6944444444444444,0.6944444444444444,0.7222222222222222,0.6793650793650794,0.05506586907524336,3,0.7644787644787644,0.8559073359073358,0.8257850241545894,0.8334842995169083,0.8070652173913043,0.8173441282897805,0.03072223146884396,9,borderline_smote
0.036287355422973636,0.0034385150102201074,0.03021855354309082,0.00348677822509361,1.0,balanced,l2,liblinear,,"{'clf__C': 1.0, 'clf__class_weight': 'balanced', 'clf__penalty': 'l2', 'clf__solver': 'liblinear'}",0.4375,0.5517241379310345,0.5494505494505495,0.5494505494505495,0.5102040816326531,0.5196658636929572,0.04391524207982264,20,0.3442622950819672,0.46153846153846156,0.45454545454545453,0.45454545454545453,0.4032258064516129,0.4236234944325902,0.04486456419585747,20,0.6,0.6857142857142857,0.6944444444444444,0.6944444444444444,0.6944444444444444,0.6738095238095237,0.03705932813699178,17,0.7647876447876448,0.8563706563706563,0.8254830917874396,0.833786231884058,0.8058574879227053,0.8172570225505009,0.03083421579820792,12,borderline_smote
0.11184172630310059,0.014279335127256538,0.024818801879882814,0.0023790112399100466,3.0,,l1,liblinear,,"{'clf__C': 3.0, 'clf__class_weight': None, 'clf__penalty': 'l1', 'clf__solver': 'liblinear'}",0.42857142857142855,0.5581395348837209,0.5434782608695652,0.5777777777777777,0.5050505050505051,0.5226035014305995,0.05271224607956463,15,0.3333333333333333,0.47058823529411764,0.44642857142857145,0.48148148148148145,0.3968253968253968,0.4257314036725801,0.05462882006085611,13,0.6,0.6857142857142857,0.6944444444444444,0.7222222222222222,0.6944444444444444,0.6793650793650793,0.041546690458233254,5,0.7647876447876448,0.8525096525096525,0.8266908212560387,0.832427536231884,0.8016304347826089,0.8156092179135659,0.030151412935024838,21,borderline_smote
0.036317634582519534,0.0028766334608601586,0.02767014503479004,0.0031143003602322563,3.0,,l2,liblinear,,"{'clf__C': 3.0, 'clf__class_weight': None, 'clf__penalty': 'l2', 'clf__solver': 'liblinear'}",0.42857142857142855,0.5581395348837209,0.5434782608695652,0.5777777777777777,0.5102040816326531,0.523634216747029,0.05240845445698885,10,0.3333333333333333,0.47058823529411764,0.44642857142857145,0.48148148148148145,0.4032258064516129,0.42701148559782337,0.0540079466966729,11,0.6,0.6857142857142857,0.6944444444444444,0.7222222222222222,0.6944444444444444,0.6793650793650793,0.041546690458233254,5,0.7644787644787645,0.8534362934362935,0.8266908212560387,0.8322765700483091,0.8022342995169083,0.8158233497472629,0.030412078688508617,19,borderline_smote
0.11665005683898926,0.009686316971998177,0.023275423049926757,0.004329009196640928,3.0,balanced,l1,liblinear,,"{'clf__C': 3.0, 'clf__class_weight': 'balanced', 'clf__penalty': 'l1', 'clf__solver': 'liblinear'}",0.42857142857142855,0.5581395348837209,0.5434782608695652,0.5777777777777777,0.5050505050505051,0.5226035014305995,0.05271224607956463,15,0.3333333333333333,0.47058823529411764,0.44642857142857145,0.48148148148148145,0.3968253968253968,0.4257314036725801,0.05462882006085611,13,0.6,0.6857142857142857,0.6944444444444444,0.7222222222222222,0.6944444444444444,0.6793650793650793,0.041546690458233254,5,0.7647876447876448,0.8525096525096525,0.8266908212560387,0.832427536231884,0.8016304347826089,0.8156092179135659,0.030151412935024838,21,borderline_smote
0.0389007568359375,0.002072768151684822,0.029186058044433593,0.0033236485437994237,3.0,balanced,l2,liblinear,,"{'clf__C': 3.0, 'clf__class_weight': 'balanced', 'clf__penalty': 'l2', 'clf__solver': 'liblinear'}",0.42857142857142855,0.5581395348837209,0.5434782608695652,0.5777777777777777,0.5102040816326531,0.523634216747029,0.05240845445698885,10,0.3333333333333333,0.47058823529411764,0.44642857142857145,0.48148148148148145,0.4032258064516129,0.42701148559782337,0.0540079466966729,11,0.6,0.6857142857142857,0.6944444444444444,0.7222222222222222,0.6944444444444444,0.6793650793650793,0.041546690458233254,5,0.7644787644787645,0.8534362934362935,0.8266908212560387,0.8322765700483091,0.8022342995169083,0.8158233497472629,0.030412078688508617,19,borderline_smote
0.2189873695373535,0.03276859960789503,0.022273445129394533,0.0034869774471458057,0.3,,elasticnet,saga,0.2,"{'clf__C': 0.3, 'clf__class_weight': None, 'clf__l1_ratio': 0.2, 'clf__penalty': 'elasticnet', 'clf__solver': 'saga'}",0.45161290322580644,0.5581395348837209,0.5617977528089888,0.5393258426966292,0.5148514851485149,0.5251455037527321,0.04036356184232193,9,0.3620689655172414,0.47058823529411764,0.4716981132075472,0.4528301886792453,0.4,0.43143710053963025,0.043385836768656955,9,0.6,0.6857142857142857,0.6944444444444444,0.6666666666666666,0.7222222222222222,0.6738095238095239,0.04101262948499977,13,0.7663320463320462,0.8585328185328184,0.826237922705314,0.8360507246376813,0.8165760869565217,0.8207459198328764,0.03056306919995044,4,borderline_smote
0.23745884895324706,0.02085184903271811,0.022576284408569337,0.004013016228751111,0.3,,elasticnet,saga,0.4,"{'clf__C': 0.3, 'clf__class_weight': None, 'clf__l1_ratio': 0.4, 'clf__penalty': 'elasticnet', 'clf__solver': 'saga'}",0.45161290322580644,0.5581395348837209,0.5494505494505495,0.5393258426966292,0.5148514851485149,0.5226760630810442,0.038374321680860815,14,0.3620689655172414,0.47058823529411764,0.45454545454545453,0.4528301886792453,0.4,0.4280065688072118,0.04065921372717236,10,0.6,0.6857142857142857,0.6944444444444444,0.6666666666666666,0.7222222222222222,0.6738095238095239,0.04101262948499977,13,0.7672586872586873,0.8580694980694981,0.8254830917874396,0.8357487922705316,0.8189915458937198,0.8211103230559752,0.030012911887091646,3,borderline_smote
0.38915257453918456,0.059895574135125584,0.01722583770751953,0.00386016352778194,1.0,,elasticnet,saga,0.2,"{'clf__C': 1.0, 'clf__class_weight': None, 'clf__l1_ratio': 0.2, 'clf__penalty': 'elasticnet', 'clf__solver': 'saga'}",0.4375,0.5517241379310345,0.5494505494505495,0.5494505494505495,0.5102040816326531,0.5196658636929572,0.04391524207982264,20,0.3442622950819672,0.46153846153846156,0.45454545454545453,0.45454545454545453,0.4032258064516129,0.4236234944325902,0.04486456419585747,20,0.6,0.6857142857142857,0.6944444444444444,0.6944444444444444,0.6944444444444444,0.6738095238095237,0.03705932813699178,17,0.7635521235521235,0.856061776061776,0.8257850241545893,0.8348429951690822,0.8060084541062803,0.8172500746087703,0.031300314268302175,14,borderline_smote
0.37998428344726565,0.049877709069093557,0.01486053466796875,0.00022451535166907721,1.0,,elasticnet,saga,0.4,"{'clf__C': 1.0, 'clf__class_weight': None, 'clf__l1_ratio': 0.4, 'clf__penalty': 'elasticnet', 'clf__solver': 'saga'}",0.4421052631578947,0.5517241379310345,0.5494505494505495,0.5494505494505495,0.5102040816326531,0.5205869163245362,0.04219696279081314,19,0.35,0.46153846153846156,0.45454545454545453,0.45454545454545453,0.4032258064516129,0.4247710354161967,0.042848057881243864,19,0.6,0.6857142857142857,0.6944444444444444,0.6944444444444444,0.6944444444444444,0.6738095238095237,0.03705932813699178,17,0.7638610038610039,0.8562162162162162,0.8254830917874396,0.8346920289855072,0.8063103864734299,0.8173125454647193,0.031178244578183897,11,borderline_smote
0.016707992553710936,0.0008079114689223569,0.01802825927734375,0.0036824110433181425,0.3,,l2,lbfgs,,"{'clf__C': 0.3, 'clf__class_weight': None, 'clf__penalty': 'l2', 'clf__solver': 'lbfgs'}",0.41509433962264153,0.5806451612903226,0.46601941747572817,0.4888888888888889,0.4752475247524752,0.4851790664060113,0.05386118203374673,18,0.30985915492957744,0.46551724137931033,0.3582089552238806,0.4074074074074074,0.36923076923076925,0.382044705634189,0.05206539072984899,10,0.6285714285714286,0.7714285714285715,0.6666666666666666,0.6111111111111112,0.6666666666666666,0.6688888888888889,0.05565614476396477,20,0.7528957528957528,0.8608494208494207,0.8125,0.8220108695652174,0.8230676328502415,0.8142647352321266,0.03486227996297745,5,adasyn
0.025236988067626955,0.006467742113367076,0.018225383758544923,0.003498226717551005,0.3,balanced,l2,lbfgs,,"{'clf__C': 0.3, 'clf__class_weight': 'balanced', 'clf__penalty': 'l2', 'clf__solver': 'lbfgs'}",0.4074074074074074,0.5684210526315789,0.46153846153846156,0.4782608695652174,0.4716981132075472,0.4774651808700425,0.05190108825262404,22,0.3013698630136986,0.45,0.35294117647058826,0.39285714285714285,0.35714285714285715,0.3708622078968574,0.049163273391262106,22,0.6285714285714286,0.7714285714285715,0.6666666666666666,0.6111111111111112,0.6944444444444444,0.6744444444444444,0.05653646506535554,18,0.7524324324324324,0.8606949806949807,0.8123490338164251,0.8217089371980677,0.8218599033816425,0.8138090575047097,0.034913423740277616,7,adasyn
0.023569774627685548,0.006802310736523094,0.015769386291503908,0.0031319447118772006,1.0,,l2,lbfgs,,"{'clf__C': 1.0, 'clf__class_weight': None, 'clf__penalty': 'l2', 'clf__solver': 'lbfgs'}",0.44036697247706424,0.6021505376344086,0.4752475247524752,0.4731182795698925,0.4752475247524752,0.49322616783726314,0.05605248122027502,4,0.32432432432432434,0.4827586206896552,0.36923076923076925,0.38596491228070173,0.36923076923076925,0.386301879151244,0.052398624838897054,2,0.6857142857142857,0.8,0.6666666666666666,0.6111111111111112,0.6666666666666666,0.686031746031746,0.06221250329020415,5,0.748108108108108,0.857915057915058,0.811141304347826,0.8191425120772947,0.8120471014492754,0.8096708167795125,0.035256193714124105,13,adasyn
0.026669883728027345,0.005285734879952037,0.013424205780029296,0.0004882111024015108,1.0,balanced,l2,lbfgs,,"{'clf__C': 1.0, 'clf__class_weight': 'balanced', 'clf__penalty': 'l2', 'clf__solver': 'lbfgs'}",0.44036697247706424,0.5957446808510638,0.4752475247524752,0.4631578947368421,0.46153846153846156,0.4872111068711814,0.05541602410395551,15,0.32432432432432434,0.4745762711864407,0.36923076923076925,0.3728813559322034,0.35294117647058826,0.37879077942886524,0.050864471327335514,18,0.6857142857142857,0.8,0.6666666666666666,0.6111111111111112,0.6666666666666666,0.686031746031746,0.06221250329020415,5,0.748108108108108,0.8576061776061776,0.8105374396135265,0.8182367149758454,0.811141304347826,0.8091259489302967,0.03510717730724644,16,adasyn
0.018027544021606445,0.0006698417735536316,0.014130258560180664,0.0010227513971097794,3.0,,l2,lbfgs,,"{'clf__C': 3.0, 'clf__class_weight': None, 'clf__penalty': 'l2', 'clf__solver': 'lbfgs'}",0.42592592592592593,0.5869565217391305,0.49019607843137253,0.46938775510204084,0.47058823529411764,0.4886109032985175,0.053475463202203866,12,0.3150684931506849,0.47368421052631576,0.3787878787878788,0.3709677419354839,0.36363636363636365,0.3804289376073454,0.05165797414712455,15,0.6571428571428571,0.7714285714285715,0.6944444444444444,0.6388888888888888,0.6666666666666666,0.6857142857142857,0.04646484812590122,10,0.7488803088803089,0.8572972972972974,0.8114432367149759,0.815066425120773,0.8085748792270532,0.8082524294480817,0.03460394059919496,19,adasyn
0.022603559494018554,0.009193377623814624,0.019066858291625976,0.0058820812540301675,3.0,balanced,l2,lbfgs,,"{'clf__C': 3.0, 'clf__class_weight': 'balanced', 'clf__penalty': 'l2', 'clf__solver': 'lbfgs'}",0.42592592592592593,0.5806451612903226,0.49019607843137253,0.46938775510204084,0.46601941747572817,0.48643486764507804,0.051494568286268944,16,0.3150684931506849,0.46551724137931033,0.3787878787878788,0.3709677419354839,0.3582089552238806,0.37771006209544766,0.04911411331344196,19,0.6571428571428571,0.7714285714285715,0.6944444444444444,0.6388888888888888,0.6666666666666666,0.6857142857142857,0.04646484812590122,10,0.7487258687258687,0.8574517374517374,0.811141304347826,0.8146135265700483,0.8075181159420289,0.8078901106075019,0.034677587389694044,22,adasyn
0.03225851058959961,0.006420936462969422,0.02237706184387207,0.005994355907746344,0.3,,l1,liblinear,,"{'clf__C': 0.3, 'clf__class_weight': None, 'clf__penalty': 'l1', 'clf__solver': 'liblinear'}",0.41509433962264153,0.5777777777777777,0.4854368932038835,0.4731182795698925,0.49056603773584906,0.48839866558200884,0.05217108336159671,13,0.30985915492957744,0.4727272727272727,0.373134328358209,0.38596491228070173,0.37142857142857144,0.38262284794486645,0.05223002127375796,8,0.6285714285714286,0.7428571428571429,0.6944444444444444,0.6111111111111112,0.7222222222222222,0.6798412698412698,0.05163880213186111,17,0.7555212355212355,0.863011583011583,0.8141606280193237,0.8247282608695652,0.830012077294686,0.8174867569432788,0.03502176979049922,1,adasyn
0.02514619827270508,0.003288793720435564,0.02294788360595703,0.004463377338063485,0.3,,l2,liblinear,,"{'clf__C': 0.3, 'clf__class_weight': None, 'clf__penalty': 'l2', 'clf__solver': 'liblinear'}",0.41509433962264153,0.574468085106383,0.46601941747572817,0.4888888888888889,0.4752475247524752,0.48394365116922333,0.051684150344840855,20,0.30985915492957744,0.4576271186440678,0.3582089552238806,0.4074074074074074,0.36923076923076925,0.3804666810871405,0.04957138425458608,14,0.6285714285714286,0.7714285714285715,0.6666666666666666,0.6111111111111112,0.6666666666666666,0.6688888888888889,0.05565614476396477,20,0.752895752895753,0.8606949806949806,0.8125,0.8220108695652174,0.8226147342995169,0.8141432674910934,0.0347985209072273,6,adasyn
0.037076807022094725,0.010354844512009248,0.030286407470703124,0.0022657886986364047,0.3,balanced,l1,liblinear,,"{'clf__C': 0.3, 'clf__class_weight': 'balanced', 'clf__penalty': 'l1', 'clf__solver': 'liblinear'}",0.411214953271028,0.5684210526315789,0.49523809523809526,0.48936170212765956,0.49056603773584906,0.4909603682008422,0.04976042405997124,7,0.3055555555555556,0.45,0.37681159420289856,0.39655172413793105,0.37142857142857144,0.3800694890649913,0.04647482341270694,16,0.6285714285714286,0.7714285714285715,0.7222222222222222,0.6388888888888888,0.7222222222222222,0.6966666666666667,0.05453576496083967,3,0.7550579150579151,0.8631660231660232,0.8135567632850241,0.8241243961352658,0.830012077294686,0.8171834349877829,0.035213299745564794,2,adasyn
0.02723803520202637,0.003098779367727399,0.028658390045166016,0.001684485678797061,0.3,balanced,l2,liblinear,,"{'clf__C': 0.3, 'clf__class_weight': 'balanced', 'clf__penalty': 'l2', 'clf__solver': 'liblinear'}",0.411214953271028,0.5684210526315789,0.46153846153846156,0.4782608695652174,0.4716981132075472,0.47822669004276663,0.05088559002765311,21,0.3055555555555556,0.45,0.35294117647058826,0.39285714285714285,0.35714285714285715,0.3716993464052288,0.04799459571863627,21,0.6285714285714286,0.7714285714285715,0.6666666666666666,0.6111111111111112,0.6944444444444444,0.6744444444444444,0.05653646506535554,18,0.7525868725868725,0.8610038610038611,0.8114432367149759,0.8215579710144928,0.8221618357487923,0.813750755413799,0.03495969130514282,8,adasyn
0.05755815505981445,0.011360988958590607,0.03011035919189453,0.002168070887167169,1.0,,l1,liblinear,,"{'clf__C': 1.0, 'clf__class_weight': None, 'clf__penalty': 'l1', 'clf__solver': 'liblinear'}",0.44036697247706424,0.5869565217391305,0.49019607843137253,0.4631578947368421,0.47058823529411764,0.49025314053570546,0.05091372663417035,8,0.32432432432432434,0.47368421052631576,0.3787878787878788,0.3728813559322034,0.36363636363636365,0.3826628266414172,0.04931728269381646,6,0.6857142857142857,0.7714285714285715,0.6944444444444444,0.6111111111111112,0.6666666666666666,0.685873015873016,0.05167489510952585,9,0.7507335907335907,0.8585328185328185,0.8102355072463768,0.81868961352657,0.8135567632850241,0.810349658664876,0.03451244948749173,9,adasyn
0.0325228214263916,0.0017025811020095173,0.027695465087890624,0.0027317070008779564,1.0,,l2,liblinear,,"{'clf__C': 1.0, 'clf__class_weight': None, 'clf__penalty': 'l2', 'clf__solver': 'liblinear'}",0.44036697247706424,0.6021505376344086,0.4752475247524752,0.4731182795698925,0.4752475247524752,0.49322616783726314,0.05605248122027502,4,0.32432432432432434,0.4827586206896552,0.36923076923076925,0.38596491228070173,0.36923076923076925,0.386301879151244,0.052398624838897054,2,0.6857142857142857,0.8,0.6666666666666666,0.6111111111111112,0.6666666666666666,0.686031746031746,0.06221250329020415,5,0.7482625482625482,0.8576061776061775,0.811292270531401,0.8189915458937198,0.8120471014492754,0.8096399287486244,0.03511102767451728,14,adasyn
0.05887622833251953,0.008066384326253447,0.02865610122680664,0.002626202281061083,1.0,balanced,l1,liblinear,,"{'clf__C': 1.0, 'clf__class_weight': 'balanced', 'clf__penalty': 'l1', 'clf__solver': 'liblinear'}",0.44036697247706424,0.5894736842105263,0.5,0.4742268041237113,0.47619047619047616,0.49605158740035565,0.05042784821343235,1,0.32432432432432434,0.4666666666666667,0.38235294117647056,0.3770491803278688,0.36231884057971014,0.3825423906150081,0.04670212048766266,9,0.6857142857142857,0.8,0.7222222222222222,0.6388888888888888,0.6944444444444444,0.7082539682539682,0.05314640332557746,1,0.75011583011583,0.8585328185328185,0.8096316425120772,0.8177838164251208,0.8131038647342995,0.8098335944640291,0.03467496873859102,12,adasyn
0.03380651473999023,0.0017572370800041479,0.025878381729125977,0.002393917133772533,1.0,balanced,l2,liblinear,,"{'clf__C': 1.0, 'clf__class_weight': 'balanced', 'clf__penalty': 'l2', 'clf__solver': 'liblinear'}",0.44036697247706424,0.5957446808510638,0.49019607843137253,0.4791666666666667,0.46153846153846156,0.49340257199292575,0.05387939531585449,3,0.32432432432432434,0.4745762711864407,0.3787878787878788,0.38333333333333336,0.35294117647058826,0.3827925968205131,0.05049795882647996,5,0.6857142857142857,0.8,0.6944444444444444,0.6388888888888888,0.6666666666666666,0.6971428571428572,0.054844887666944876,2,0.7484169884169883,0.8576061776061775,0.8105374396135266,0.818840579710145,0.811292270531401,0.8093386911756477,0.03503353670177871,15,adasyn
0.09221382141113281,0.017668743280366443,0.027692270278930665,0.0015651732501565127,3.0,,l1,liblinear,,"{'clf__C': 3.0, 'clf__class_weight': None, 'clf__penalty': 'l1', 'clf__solver': 'liblinear'}",0.42592592592592593,0.5934065934065934,0.49504950495049505,0.4742268041237113,0.47058823529411764,0.4918394127401687,0.05555645983979967,6,0.3150684931506849,0.48214285714285715,0.38461538461538464,0.3770491803278688,0.36363636363636365,0.3845024557746318,0.054489780718852014,4,0.6571428571428571,0.7714285714285715,0.6944444444444444,0.6388888888888888,0.6666666666666666,0.6857142857142857,0.04646484812590122,10,0.7510424710424711,0.8576061776061776,0.8106884057971014,0.8147644927536232,0.8075181159420289,0.8083239326282804,0.033934131490562985,17,adasyn
0.03849983215332031,0.003781791199891045,0.024477100372314452,0.001971426966001892,3.0,,l2,liblinear,,"{'clf__C': 3.0, 'clf__class_weight': None, 'clf__penalty': 'l2', 'clf__solver': 'liblinear'}",0.42592592592592593,0.5869565217391305,0.49019607843137253,0.46938775510204084,0.4752475247524752,0.4895427611901891,0.053193133677135344,9,0.3150684931506849,0.47368421052631576,0.3787878787878788,0.3709677419354839,0.36923076923076925,0.3815478187262265,0.051341757711541695,11,0.6571428571428571,0.7714285714285715,0.6944444444444444,0.6388888888888888,0.6666666666666666,0.6857142857142857,0.04646484812590122,10,0.7491891891891892,0.8568339768339769,0.8117451690821256,0.8153683574879227,0.8082729468599034,0.8082819278906236,0.03438448728272877,18,adasyn
0.0893974781036377,0.020965456014054428,0.023649215698242188,0.0020524903883885185,3.0,balanced,l1,liblinear,,"{'clf__C': 3.0, 'clf__class_weight': 'balanced', 'clf__penalty': 'l1', 'clf__solver': 'liblinear'}",0.42592592592592593,0.5806451612903226,0.5098039215686274,0.46464646464646464,0.46601941747572817,0.4894081781814137,0.052783229099964094,11,0.3150684931506849,0.46551724137931033,0.3939393939393939,0.36507936507936506,0.3582089552238806,0.37956268975452695,0.0498399932501264,17,0.6571428571428571,0.7714285714285715,0.7222222222222222,0.6388888888888888,0.6666666666666666,0.6912698412698413,0.04877951071049148,4,0.7507335907335907,0.8574517374517374,0.8106884057971014,0.8144625603864735,0.8075181159420289,0.8081708820621865,0.03398233184639219,20,adasyn
0.03734149932861328,0.0014219755738006288,0.026705598831176756,0.002656074517211598,3.0,balanced,l2,liblinear,,"{'clf__C': 3.0, 'clf__class_weight': 'balanced', 'clf__penalty': 'l2', 'clf__solver': 'liblinear'}",0.42592592592592593,0.5806451612903226,0.49019607843137253,0.46464646464646464,0.46601941747572817,0.4854866095539627,0.051842236269443974,17,0.3150684931506849,0.46551724137931033,0.3787878787878788,0.36507936507936506,0.3582089552238806,0.37653238672422396,0.04933177811999234,20,0.6571428571428571,0.7714285714285715,0.6944444444444444,0.6388888888888888,0.6666666666666666,0.6857142857142857,0.04646484812590122,10,0.749034749034749,0.8572972972972973,0.8114432367149758,0.814915458937198,0.8081219806763285,0.8081625445321098,0.034544714702140426,21,adasyn
0.2202733039855957,0.02720231939834156,0.02339930534362793,0.005260203488789832,0.3,,elasticnet,saga,0.2,"{'clf__C': 0.3, 'clf__class_weight': None, 'clf__l1_ratio': 0.2, 'clf__penalty': 'elasticnet', 'clf__solver': 'saga'}",0.4036697247706422,0.5869565217391305,0.46601941747572817,0.4888888888888889,0.4752475247524752,0.484156415525373,0.05912137441467361,19,0.2972972972972973,0.47368421052631576,0.3582089552238806,0.4074074074074074,0.36923076923076925,0.38116572793713405,0.05822656725712929,12,0.6285714285714286,0.7714285714285715,0.6666666666666666,0.6111111111111112,0.6666666666666666,0.6688888888888889,0.05565614476396477,20,0.7528957528957528,0.8608494208494208,0.8125,0.822463768115942,0.8241243961352658,0.8145666675992762,0.03493817526742609,4,adasyn
0.21651439666748046,0.03273564832011531,0.026394748687744142,0.0027759887209505645,0.3,,elasticnet,saga,0.4,"{'clf__C': 0.3, 'clf__class_weight': None, 'clf__l1_ratio': 0.4, 'clf__penalty': 'elasticnet', 'clf__solver': 'saga'}",0.4036697247706422,0.5934065934065934,0.47619047619047616,0.4835164835164835,0.49056603773584906,0.48946986312400886,0.06062589230378882,10,0.2972972972972973,0.48214285714285715,0.36231884057971014,0.4,0.37142857142857144,0.3826375132896872,0.060040337614094365,7,0.6285714285714286,0.7714285714285715,0.6944444444444444,0.6111111111111112,0.7222222222222222,0.6855555555555555,0.05930733121973333,15,0.7533590733590734,0.8608494208494207,0.8125,0.8224637681159421,0.8271437198067633,0.8152631964262399,0.03495956130393857,3,adasyn
0.3243278980255127,0.042039499817667914,0.016051816940307616,0.0014103096837106291,1.0,,elasticnet,saga,0.2,"{'clf__C': 1.0, 'clf__class_weight': None, 'clf__l1_ratio': 0.2, 'clf__penalty': 'elasticnet', 'clf__solver': 'saga'}",0.44036697247706424,0.6021505376344086,0.48,0.4731182795698925,0.4752475247524752,0.4941766628867681,0.05577918242326615,2,0.32432432432432434,0.4827586206896552,0.375,0.38596491228070173,0.36923076923076925,0.38745572530509015,0.0520725115559756,1,0.6857142857142857,0.8,0.6666666666666666,0.6111111111111112,0.6666666666666666,0.686031746031746,0.06221250329020415,5,0.7493436293436293,0.8582239382239382,0.811141304347826,0.8189915458937199,0.8121980676328502,0.8099796970883928,0.03490479460612813,11,adasyn
0.32598090171813965,0.06810015697369484,0.016246223449707033,0.0023261102762622238,1.0,,elasticnet,saga,0.4,"{'clf__C': 1.0, 'clf__class_weight': None, 'clf__l1_ratio': 0.4, 'clf__penalty': 'elasticnet', 'clf__solver': 'saga'}",0.43636363636363634,0.5869565217391305,0.4752475247524752,0.4631578947368421,0.4752475247524752,0.4873946204689119,0.05176727975506104,14,0.32,0.47368421052631576,0.36923076923076925,0.3728813559322034,0.36923076923076925,0.3810054209840115,0.05030766283827835,13,0.6857142857142857,0.7714285714285715,0.6666666666666666,0.6111111111111112,0.6666666666666666,0.6803174603174603,0.05194721820719432,16,0.7502702702702703,0.8588416988416989,0.8105374396135265,0.8186896135265701,0.8132548309178744,0.810318770633988,0.03475352136007975,10,adasyn
